"Player","Team","Price","L01","L02","L03","L04","L05","LastScore","SeasonAvg","Last3Avg","Last5Avg"
"Aaron Black","WCE",221000,0,0,0,0,0,0,0,0,0
"Aaron Francis","ESS",387000,25,63,43,0,0,25,43.6666666666667,43.6666666666667,43.6666666666667
"Aaron Hall","NTH",818000,50,95,86,92,125,50,89.6,77,89.6
"Aaron Naughton","WBD",603000,95,92,56,66,102,95,73,81,82.2
"Adam Cerra","CAR",755000,95,106,89,107,91,95,92,96.6666666666667,97.6
"Adam Kennedy","GWS",532000,89,49,74,94,61,89,67.8333333333333,70.6666666666667,73.4
"Adam Saad","CAR",615000,63,50,96,89,61,63,76.5,69.6666666666667,71.8
"Adam Tomlinson","MEL",457000,33,40,88,35,0,33,49,53.6666666666667,49
"Adam Treloar","WBD",767000,134,90,78,88,109,134,96.8888888888889,100.666666666667,99.8
"Aidan Corr","NTH",402000,44,53,55,34,57,44,50.125,50.6666666666667,45
"Aiden Begg","COLL",269000,13,54,64,0,0,13,43.6666666666667,43.6666666666667,43.6666666666667
"Aiden Bonar","NTH",215000,30,-3,-3,22,0,30,11.5,8,11.5
"Alastair Lord","ESS",2e+05,0,0,0,0,0,0,0,0,0
"Alec Waterman","ESS",392000,24,26,65,48,53,24,43.2,38.3333333333333,43.2
"Alex Davies","GCS",335000,54,41,22,38,28,54,41.5,44.6666666666667,38.8
"Alex Keath","WBD",444000,65,95,35,28,0,65,55.75,65,55.75
"Alex Mirkov","CAR",190000,0,0,0,0,0,0,0,0,0
"Alex Neal-Bullen","MEL",603000,84,81,65,58,36,84,76.25,83,74.4
"Alex Pearce","FRE",336000,31,48,46,29,56,31,41,41.6666666666667,42
"Alex Sexton","GCS",425000,30,12,0,0,0,30,21,21,21
"Alex Witherden","WCE",828000,112,97,117,102,92,112,101.571428571429,108.666666666667,105.6
"Aliir Aliir","PTA",436000,69,63,63,33,21,69,49.3333333333333,65,49.8
"Andrew Brayshaw","FRE",928000,99,134,83,116,123,99,117.888888888889,105.333333333333,111
"Andrew Gaff","WCE",736000,68,47,98,100,0,68,78.25,71,78.25
"Andrew McGrath","ESS",666000,78,62,74,108,70,78,81,71.3333333333333,78.4
"Andrew McPherson","ADE",465000,40,0,0,0,0,40,40,40,40
"Andrew Phillips","ESS",512000,5,64,71,0,0,5,46.6666666666667,46.6666666666667,46.6666666666667
"Andy Moniz-Wakefield","MEL",190000,0,0,0,0,0,0,0,0,0
"Angus Brayshaw","MEL",779000,92,123,110,90,75,92,98.3333333333333,108.333333333333,98
"Angus Sheldrick","SYD",255000,28,0,0,0,0,28,28,28,28
"Anthony McDonald-Tipungwuti","ESS",454000,0,0,0,0,0,0,0,0,0
"Anthony Scott","WBD",389000,57,33,49,82,22,57,48.7142857142857,46.3333333333333,48.6
"Archie Perkins","ESS",466000,57,74,55,67,27,57,59.1111111111111,62,56
"Arlo Draper","COLL",202000,0,0,0,0,0,0,0,0,0
"Arthur Jones","WBD",206000,0,0,0,0,0,0,0,0,0
"Ash Johnson","COLL",190000,0,0,0,0,0,0,0,0,0
"Atu Bosenavulagi","NTH",312000,40,46,27,35,25,40,36.6666666666667,37.6666666666667,34.6
"Bailey Banfield","FRE",376000,43,107,0.1,49,45,43,52.1666666666667,66.3333333333333,53.4
"Bailey Dale","WBD",785000,106,92,102,126,74,106,94.6666666666667,100,100
"Bailey Laurie","MEL",190000,0,0,0,0,0,0,0,0,0
"Bailey Scott","NTH",569000,89,57,90,73,79,89,68.2222222222222,78.6666666666667,77.6
"Bailey Smith","WBD",907000,116,100,100,92,147,116,118.5,105.333333333333,111
"Bailey Williams","WBD",431000,63,32,53,47,73,63,48.75,49.3333333333333,53.6
"Bailey J. Williams","WCE",377000,43,56,52,60,31,43,48.4,50.3333333333333,48.4
"Barry O'Connor","SYD",190000,0,0,0,0,0,0,0,0,0
"Bayley Fritsch","MEL",432000,62,26,61,79,51,62,50.8888888888889,43,53.8
"Beau McCreery","COLL",334000,11,40,31,36,60,11,39.5,27.3333333333333,35.6
"Ben Ainsworth","GCS",593000,35,77,72,112,81,35,69.4444444444444,61.3333333333333,75.4
"Ben Brown","MEL",456000,32,64,70,42,34,32,53.1666666666667,55.3333333333333,48.4
"Ben Cunnington","NTH",832000,0,0,0,0,0,0,0,0,0
"Ben Davis","ADE",318000,0,0,0,0,0,0,0,0,0
"Ben Hobbs","ESS",408000,63,95,30,46,72,63,61.2,62.6666666666667,61.2
"Ben Keays","ADE",885000,92,98,100,102,114,92,111,96.6666666666667,101.2
"Ben King","GCS",427000,0,0,0,0,0,0,0,0,0
"Ben Long","STK",460000,49,45,63,70,68,49,56.8571428571429,52.3333333333333,59
"Ben McEvoy","HAW",661000,69,0,0,0,0,69,69,69,69
"Ben McKay","NTH",356000,62,65,50,53,29,62,51.8,59,51.8
"Ben Miller","RI",204000,14,39,25,0,0,14,26,26,26
"Ben Paton","STK",499000,65,75,82,46,63,65,62,74,66.2
"Ben Ronke","SYD",413000,46,42,71,79,52,46,51,53,58
"Bigoa Nyuon","RI",190000,0,0,0,0,0,0,23,23,23
"Billy Frampton","ADE",536000,60,59,98,90,52,60,69.5,72.3333333333333,71.8
"Blake Acres","FRE",731000,113,109,99,76,83,113,92,107,96
"Blake Coleman","BRL",190000,0,0,0,0,0,0,0,0,0
"Blake Hardwick","HAW",530000,65,50,60,68,65,65,62.1111111111111,58.3333333333333,61.6
"Blake Howes","MEL",214000,0,0,0,0,0,0,0,0,0
"Bodhi Uwland","GCS",190000,0,0,0,0,0,0,0,0,0
"Brad Crouch","STK",833000,125,115,79,87,100,125,104.444444444444,106.333333333333,101.2
"Brad Close","GEE",492000,23,55,72,64,44,23,62.8888888888889,50,51.6
"Bradley Hill","STK",576000,76,81,72,32,63,76,73.3333333333333,76.3333333333333,64.8
"Brady Hough","WCE",273000,51,37,40,0,0,51,42.6666666666667,42.6666666666667,42.6666666666667
"Braeden Campbell","SYD",417000,37,51,29,42,88,37,51.625,39,49.4
"Brandan Parfitt","GEE",601000,65,71,75,67,79,65,73.6666666666667,70.3333333333333,71.4
"Brandon Ellis","GCS",687000,80,106,86,68,84,80,80.6666666666667,90.6666666666667,84.8
"Brandon Starcevich","BRL",481000,64,70,63,63,62,64,56.5555555555556,65.6666666666667,64.4
"Brandon Walker","FRE",352000,15,58,29,63,32,15,42,34,39.4
"Brandon Zerk-Thatcher","ESS",333000,15,37,68,40,0,15,40,40,40
"Brayden Cook","ADE",343000,44,49,38,66,22,44,43.1428571428571,43.6666666666667,43.8
"Brayden Fiorini","GCS",678000,60,118,68,61,85,60,82.1111111111111,82,78.4
"Brayden Ham","ESS",352000,35,25,41,48,35,35,36.8,33.6666666666667,36.8
"Brayden Maynard","COLL",555000,92,47,51,76,65,92,65,63.3333333333333,66.2
"Braydon Preuss","GWS",683000,108,91,95,105,85,108,98.6666666666667,98,96.8
"Brennan Cox","FRE",493000,76,67,31,78,81,76,61.5,58,66.6
"Brent Daniels","GWS",430000,0,0,0,0,0,0,0,0,0
"Brodie Grundy","COLL",802000,105,54,124,99,82,105,93.3333333333333,94.3333333333333,92.8
"Brodie Kemp","CAR",281000,49,0,0,0,0,49,49,49,49
"Brodie Smith","ADE",606000,58,66,74,91,56,58,72.5,66,69
"Brody Mihocek","COLL",522000,58,78,58,76,51,58,63,64,65.2
"Buku Khamis","WBD",235000,57,44,0,0,0,57,50.5,50.5,50.5
"Caleb Daniel","WBD",710000,123,52,105,77,96,123,86.4444444444444,93.3333333333333,90.6
"Caleb Graham","GCS",239000,4,18,21,0,0,4,14.3333333333333,14.3333333333333,14.3333333333333
"Caleb Marchbank","CAR",294000,0,0,0,0,0,0,0,0,0
"Caleb Poulter","COLL",520000,49,0,0,0,0,49,49,49,49
"Caleb Serong","FRE",719000,126,112,66,107,60,126,89.1428571428571,107.333333333333,99
"Callan Ward","GWS",684000,62,60,70,113,115,62,82.4444444444444,64,84
"Callum Ah Chee","BRL",430000,80,76,28,62,54,80,49.8888888888889,60.6666666666667,54.4
"Callum L. Brown","COLL",389000,20,48,24,54,69,20,43,30.6666666666667,43
"Callum M. Brown","GWS",214000,0,0,0,0,0,0,0,0,0
"Callum Coleman-Jones","NTH",423000,35,55,21,0,0,35,47.25,56,47.25
"Callum Jamieson","WCE",236000,34,73,0,0,0,34,39.6666666666667,39.6666666666667,39.6666666666667
"Callum Mills","SYD",953000,156,131,162,106,106,156,113.222222222222,121,126.2
"Callum Sinclair","SYD",520000,0,0,0,0,0,0,0,0,0
"Callum Wilkie","STK",536000,74,95,41,62,74,74,66.8888888888889,70,69.2
"Cameron Ellis-Yolmen","BRL",325000,0,0,0,0,0,0,0,0,0
"Cameron Fleeton","GWS",190000,0,0,0,0,0,0,0,0,0
"Cameron Guthrie","GEE",761000,78,107,107,69,70,78,88.6666666666667,95,92.2
"Cam Rayner","BRL",488000,54,61,65,83,53,54,58.3333333333333,60,63.2
"Cameron Zurhaar","NTH",474000,83,63,67,57,46,83,55.875,71,63.2
"Campbell Chesser","WCE",264000,0,0,0,0,0,0,0,0,0
"Carter Michael","BRL",190000,0,0,0,0,0,0,0,0,0
"Chad Warner","SYD",721000,109,102,104,108,59,109,89.875,105,96.4
"Chad Wingard","HAW",534000,70,65,67,61,21,70,56.5,67.3333333333333,56.8
"Changkuoth Jiath","HAW",587000,65,60,110,38,73,65,69.2,78.3333333333333,69.2
"Charlie Ballard","GCS",457000,57,80,35,85,45,57,52.6666666666667,57.3333333333333,60.4
"Charlie Cameron","BRL",596000,67,70,66,97,64,67,72.7777777777778,67.6666666666667,72.8
"Charlie Comben","NTH",190000,0,0,0,0,0,0,0,0,0
"Charlie Constable","GCS",513000,0,0,0,0,0,0,0,0,0
"Charlie Curnow","CAR",650000,76,138,75,60,102,76,80.3333333333333,96.3333333333333,90.2
"Charlie Dean","COLL",190000,0,0,0,0,0,0,0,0,0
"Charlie Dixon","PTA",574000,0,0,0,0,0,0,0,0,0
"Charlie Lazzaro","NTH",347000,37,37,0,0,0,37,37,37,37
"Charlie Parker","WBD",190000,0,0,0,0,0,0,0,0,0
"Charlie Spargo","MEL",501000,58,70,59,97,61,58,60.3333333333333,56.6666666666667,65.2
"Chayce Jones","ADE",436000,41,56,54,71,48,41,52.5555555555556,50.3333333333333,54
"Chris Burgess","GCS",442000,25,0,0,0,0,25,25,25,25
"Christian Petracca","MEL",879000,139,118,111,76,115,139,110.777777777778,122.666666666667,111.8
"Christian Salem","MEL",717000,3,0,0,0,0,3,3,3,3
"Cian McBride","ESS",190000,0,0,0,0,0,0,0,0,0
"Clayton Oliver","MEL",913000,91,119,126,129,111,91,109,112,115.2
"Cody Brand","ESS",190000,0,0,0,0,0,0,0,0,0
"Cody Raak","WBD",190000,0,0,0,0,0,0,0,0,0
"Cody Weightman","WBD",421000,37,55,43,65,38,37,49,45,47.6
"Colin O'Riordan","SYD",313000,0,0,0,0,0,0,0,0,0
"Connor Blakely","FRE",318000,0,0,0,0,0,0,0,0,0
"Connor Budarick","GCS",468000,81,101,45,58,0,81,71.25,75.6666666666667,71.25
"Connor Downie","HAW",220000,0,0,0,0,0,0,0,0,0
"Connor Idun","GWS",448000,72,51,49,30,41,72,56,65,54.8
"Connor Macdonald","HAW",356000,52,47,34,49,25,52,47,46,44.2
"Connor McFadyen","BRL",190000,0,0,0,0,0,0,0,0,0
"Connor Rozee","PTA",642000,92,67,74,119,113,92,71.4444444444444,77.6666666666667,93
"Connor West","WCE",537000,114,72,69,72,76,114,75.1666666666667,85,80.6
"Conor Nash","HAW",439000,79,38,59,40,47,79,55,58.6666666666667,52.6
"Conor Stone","GWS",260000,36,0,0,0,0,36,36,36,36
"Cooper Hamilton","GWS",291000,61,44,64,0,0,61,56.3333333333333,56.3333333333333,56.3333333333333
"Cooper Murley","COLL",194000,0,0,0,0,0,0,0,0,0
"Cooper Sharman","STK",458000,53,0,0,0,0,53,53,53,53
"Cooper Stephens","GEE",210000,53,0,0,0,0,53,53,53,53
"Cooper Whyte","GEE",190000,0,0,0,0,0,0,0,0,0
"Corey Durdin","CAR",361000,79,44,50,28,46,79,49.375,57.6666666666667,49.4
"Corey Warner","SYD",212000,0,0,0,0,0,0,0,0,0
"Curtis Taylor","NTH",423000,58,28,23,64,51,58,55.3333333333333,36.3333333333333,44.8
"Dan Houston","PTA",767000,87,64,93,134,100,87,95.6666666666667,81.3333333333333,95.6
"Dane Rampe","SYD",327000,55,47,13,28,26,55,40.1111111111111,38.3333333333333,33.8
"Dan Butler","STK",418000,27,43,36,37,83,27,51.625,35.3333333333333,45.2
"Dan Hannebery","STK",456000,0,0,0,0,0,0,0,0,0
"Daniel Howe","HAW",560000,10,51,66,0,0,10,42.3333333333333,42.3333333333333,42.3333333333333
"Daniel Lloyd","GWS",508000,19,58,0,0,0,19,38.5,38.5,38.5
"Daniel McKenzie","STK",559000,85,71,59,86,59,85,68.5555555555556,73.3333333333333,73
"Daniel McStay","BRL",517000,9,88,47,64,94,9,58.125,48,60.4
"Daniel Rich","BRL",743000,90,107,82,93,83,90,88.6666666666667,93,91
"Daniel Rioli","RI",613000,71,62,85,73,70,71,77.6666666666667,72.6666666666667,72.2
"Daniel Turner","MEL",190000,0,0,0,0,0,0,0,0,0
"Dante Visentini","PTA",190000,0,0,0,0,0,0,0,0,0
"Darcy Byrne-Jones","PTA",649000,90,75,66,66,107,90,80.7777777777778,77,80.8
"Darcy Cameron","COLL",587000,90,112,107,50,40,90,68.5,103,79.8
"Darcy Fogarty","ADE",361000,45,26,43,50,0,45,41,38,41
"Darcy Fort","BRL",529000,70,84,70,38,91,70,65.4444444444444,69.3333333333333,63.2
"Darcy Gardiner","BRL",421000,37,56,48,45,43,37,52.25,47,45.8
"Darcy Macpherson","GCS",454000,39,29,40,0,0,39,36,36,36
"Darcy Moore","COLL",503000,59,60,54,52,81,59,60.7777777777778,57.6666666666667,61.2
"Darcy Parish","ESS",858000,87,131,114,88,112,87,103.111111111111,106.333333333333,104.2
"Darcy Tucker","FRE",474000,48,37,74,48,52,48,57.5714285714286,53,51.8
"Darcy Wilmot","BRL",260000,0,0,0,0,0,0,0,0,0
"Darragh Joyce","STK",262000,42,0,0,0,0,42,42,42,42
"David Cuningham","CAR",433000,0,0,0,0,0,0,0,0,0
"David Mundy","FRE",665000,75,91,60,84,67,75,80,75.3333333333333,75.4
"David Swallow","GCS",587000,66,120,55,84,48,66,65.8888888888889,80.3333333333333,74.6
"Dayne Zorko","BRL",790000,112,132,105,56,109,112,93.4444444444444,116.333333333333,102.8
"Deakyn Smith","MEL",190000,0,0,0,0,0,0,0,0,0
"Dean Kent","STK",474000,21,0,0,0,0,21,21,21,21
"Declan Mountford","WCE",217000,20,49,0,0,0,20,34.5,34.5,34.5
"Deividas Uosis","BRL",190000,0,0,0,0,0,0,0,0,0
"Denver Grainger-Barras","HAW",286000,25,25,52,23,23,25,35.5,34,29.6
"Deven Robertson","BRL",519000,0,0,0,0,0,0,0,0,0
"Devon Smith","ESS",477000,54,74,58,18,68,54,54.4,62,54.4
"Dion Prestia","RI",723000,66,104,93,114,37,66,84.5,87.6666666666667,94
"Domanic Akuei","CAR",190000,0,0,0,0,0,0,0,0,0
"Dominic Bedendo","WBD",190000,0,0,0,0,0,0,0,0,0
"Dom Sheed","WCE",766000,0,0,0,0,0,0,0,0,0
"Dougal Howard","STK",444000,33,90,52,57,35,33,50,58.3333333333333,53.4
"Dustin Martin","RI",671000,93,84,71,0,0,93,82.6666666666667,82.6666666666667,82.6666666666667
"Dylan Grimes","RI",352000,46,42,31,13,43,46,35,39.6666666666667,35
"Dylan Moore","HAW",760000,60,95,138,82,100,60,93.4444444444444,97.6666666666667,95
"Dylan Shiel","ESS",584000,50,70,43,90,51,50,69.375,54.3333333333333,60.8
"Dylan Stephens","SYD",518000,38,89,49,0,0,38,58.6666666666667,58.6666666666667,58.6666666666667
"Dylan Williams","PTA",196000,0,0,0,0,0,0,0,0,0
"Dyson Heppell","ESS",716000,73,105,98,63,103,73,82.4444444444444,92,88.4
"Ed Langdon","MEL",739000,84,140,38,115,86,84,89.3333333333333,87.3333333333333,92.6
"Ed Richards","WBD",521000,96,67,87,46,58,96,65,83.3333333333333,70.8
"Eddie Ford","NTH",329000,20,41,0,0,0,20,30.5,30.5,30.5
"Ed Curnow","CAR",746000,0,0,0,0,0,0,0,0,0
"Ned McHenry","ADE",370000,56,21,57,27,55,56,46.375,44.6666666666667,43.2
"Elijah Hollands","GCS",190000,0,0,0,0,0,0,0,0,0
"Elliott Himmelberg","ADE",424000,64,44,26,81,45,64,52.3333333333333,44.6666666666667,50.6
"Elliot Yeo","WCE",624000,18,65,0,0,0,18,41.5,41.5,41.5
"Ely Smith","BRL",190000,0,0,0,0,0,0,0,0,0
"Emerson Jeka","HAW",201000,0,0,0,0,0,0,0,0,0
"Eric Benning","FRE",190000,0,0,0,0,0,0,0,0,0
"Eric Hipwood","BRL",462000,39,0,0,0,0,39,39,39,39
"Errol Gulden","SYD",644000,108,66,68,99,62,108,81.5555555555556,80.6666666666667,83
"Esava Ratugolea","GEE",349000,26,52,26,0,0,26,34.6666666666667,34.6666666666667,34.6666666666667
"Ethan Hughes","FRE",508000,0,0,0,0,0,0,0,0,0
"Finlay Macrae","COLL",332000,18,0,0,0,0,18,18,18,18
"Finn Callaghan","GWS",385000,52,68,51,54,45,52,54,57,54
"Finn Maginness","HAW",404000,40,80,39,71,35,40,50.625,53,53
"Fionn O'Hara","HAW",190000,0,0,0,0,0,0,0,0,0
"Fischer McAsey","ADE",201000,0,0,0,0,0,0,0,0,0
"Flynn Kroeger","GEE",196000,0,0,0,0,0,0,0,0,0
"Flynn Perez","NTH",362000,32,69,46,46,44,32,46.5,49,47.4
"Francis Evans","GEE",207000,36,30,0,0,0,36,33,33,33
"Fraser Rosman","MEL",190000,0,0,0,0,0,0,0,0,0
"Garrett McDonagh","ESS",192000,0,0,0,0,0,0,0,0,0
"Gary Rohan","GEE",479000,0,0,0,0,0,0,0,0,0
"George Hewett","CAR",777000,97,115,83,115,119,97,100.714285714286,98.3333333333333,105.8
"Greg Clark","WCE",313000,61,110,0,0,0,61,85.5,85.5,85.5
"Griffin Logue","FRE",495000,110,43,57,78,58,110,66.5,70,69.2
"Gryan Miers","GEE",503000,44,57,53,54,70,44,60.3333333333333,51.3333333333333,55.6
"Harris Andrews","BRL",515000,51,67,83,47,59,51,60.1111111111111,67,61.4
"Harry Himmelberg","GWS",457000,55,53,73,62,49,55,53.7777777777778,60.3333333333333,58.4
"Harrison Jones","ESS",359000,0,0,0,0,0,0,0,0,0
"Harrison Petty","MEL",367000,39,54,65,37,0,39,48.75,52.6666666666667,48.75
"Harry Cunningham","SYD",466000,46,50,42,55,61,46,53,46,50.8
"Harry Edwards","WCE",384000,78,28,53,46,58,78,46.1428571428571,53,52.6
"Harry McKay","CAR",545000,48,110,23,49,53,48,66.25,60.3333333333333,63.2
"Harry Morrison","HAW",637000,62,91,68,92,76,62,78.875,73.6666666666667,77.8
"Harry Perryman","GWS",715000,103,85,93,76,86,103,88.8888888888889,93.6666666666667,88.6
"Harry Schoenberg","ADE",583000,90,41,49,108,70,90,72,60,71.6
"Harry Sharp","BRL",190000,12,0,0,0,0,12,17.5,17.5,17.5
"Harvey Harrison","COLL",190000,0,0,0,0,0,0,0,0,0
"Hayden Crozier","WBD",520000,25,26,100,0,0,25,50.3333333333333,50.3333333333333,50.3333333333333
"Hayden McLean","SYD",435000,36,32,63,87,32,36,51.625,43.6666666666667,50
"Hayden Young","FRE",643000,80,86,90,77,58,80,82,85.3333333333333,78.2
"Heath Chapman","FRE",561000,50,89,69,83,84,50,70.4285714285714,69.3333333333333,75
"Henry Smith","BRL",190000,0,0,0,0,0,0,0,0,0
"Hewago Paul Oea","GCS",190000,0,0,0,0,0,0,0,0,0
"Hugh Dixon","WCE",360000,39,32,59,75,59,39,49.3333333333333,43.3333333333333,52.8
"Hugh Greenwood","NTH",630000,52,70,68,77,64,52,76.375,63.3333333333333,66.2
"Hugh Jackson","PTA",190000,0,0,0,0,0,0,0,0,0
"Hugh McCluggage","BRL",818000,78,141,96,95,110,78,95.2222222222222,105,104
"Hugo Ralphsmith","RI",374000,40,66,60,67,25,40,51.6,55.3333333333333,51.6
"Hunter Clark","STK",609000,0,0,0,0,0,0,0,0,0
"Bobby Hill","GWS",342000,3,37,47,32,57,3,41.4444444444444,29,35.2
"Isaac Chugg","COLL",190000,0,0,0,0,0,0,0,0,0
"Isaac Cumming","GWS",765000,79,108,123,76,97,79,92,103.333333333333,96.6
"Isaac Heeney","SYD",719000,75,67,95,66,103,75,93.3333333333333,79,81.2
"Isaac Quaynor","COLL",534000,78,58,63,78,56,78,64.7777777777778,66.3333333333333,66.6
"Isaac Smith","GEE",727000,96,77,71,102,91,96,87.1111111111111,81.3333333333333,87.4
"Isiah Winder","WCE",221000,31,47,0,0,0,31,39,39,39
"Ivan Soldo","RI",4e+05,85,47,62,33,57,85,50.3333333333333,64.6666666666667,56.8
"Izak Rankine","GCS",379000,64,59,11,53,28,64,49.1428571428571,44.6666666666667,43
"Jack Billings","STK",699000,0,0,0,0,0,0,90,90,90
"Jack Bowes","GCS",676000,0,0,0,0,0,0,0,0,0
"Jack Buckley","GWS",418000,0,0,0,0,0,0,0,0,0
"Jack Bytel","STK",413000,0,0,0,0,0,0,0,0,0
"Jack Carroll","CAR",313000,31,55,87,0,0,31,57.6666666666667,57.6666666666667,57.6666666666667
"Jack Crisp","COLL",880000,103,111,130,99,125,103,103.111111111111,114.666666666667,113.6
"Jack Darling","WCE",472000,59,48,64,72,39,59,53.5,57,56.4
"Jack Ginnivan","COLL",471000,38,70,79,65,26,38,60.5714285714286,62.3333333333333,55.6
"Jack Graham","RI",635000,77,117,59,75,55,77,75.2222222222222,84.3333333333333,82.4
"Jack Gunston","HAW",457000,26,81,54,48,78,26,56.7777777777778,53.6666666666667,57.4
"Jack Hayes","STK",408000,18,70,45,61,111,18,61,44.3333333333333,61
"Jack Henry","GEE",399000,32,45,45,41,24,32,37.4,40.6666666666667,37.4
"Jack Higgins","STK",534000,10,39,52,116,92,10,62.375,33.6666666666667,61.8
"Jack Lukosius","GCS",547000,40,57,70,66,48,40,57.6666666666667,55.6666666666667,56.2
"Jack Madgen","COLL",359000,14,25,40,49,44,14,41.5,26.3333333333333,34.4
"Jack Mahony","NTH",354000,21,7,37,53,24,21,46.3333333333333,21.6666666666667,28.4
"Jack Martin","CAR",439000,17,75,53,68,56,17,56,48.3333333333333,53.8
"Jack Newnes","CAR",571000,68,57,101,54,75,68,71,75.3333333333333,71
"Jack Payne","BRL",428000,37,52,0,0,0,37,44.5,44.5,44.5
"Jack Peris","STK",190000,0,0,0,0,0,0,0,0,0
"Jack Petruccelle","WCE",408000,61,27,63,0,0,61,50.3333333333333,50.3333333333333,50.3333333333333
"Jack Redden","WCE",724000,84,120,124,47,78,84,86.25,109.333333333333,90.6
"Jack Riewoldt","RI",518000,81,66,74,69,44,81,61.7142857142857,73.6666666666667,66.8
"Jack Ross","RI",473000,21,59,67,58,55,21,56,49,52
"Jack Saunders","HAW",190000,0,0,0,0,0,0,0,0,0
"Jack Scrimshaw","HAW",595000,52,95,76,73,83,52,68.7777777777778,74.3333333333333,75.8
"Jack Silvagni","CAR",587000,89,74,57,64,77,89,74.5,73.3333333333333,72.2
"Jack Sinclair","STK",767000,110,98,80,84,97,110,97.7777777777778,96,93.8
"Jack Steele","STK",892000,77,98,115,110,112,77,106.111111111111,96.6666666666667,102.4
"Jack Viney","MEL",729000,118,71,97,84,70,118,90.125,93.3333333333333,92.2
"Jack Williams","WCE",190000,0,0,0,0,0,0,1,1,1
"Jack Ziebell","NTH",517000,43,37,44,72,46,43,63.5555555555556,41.3333333333333,48.4
"Jackson Archer","NTH",190000,0,0,0,0,0,0,0,0,0
"Jackson Callow","HAW",205000,46,0,0,0,0,46,34.5,34.5,34.5
"Jackson Hately","ADE",488000,98,67,59,39,0,98,65.75,74.6666666666667,65.75
"Jack Macrae","WBD",876000,123,110,94,88,119,123,106.888888888889,109,106.8
"Jackson Mead","PTA",306000,40,57,61,21,44,40,44.6,52.6666666666667,44.6
"Jackson Nelson","WCE",430000,42,39,44,40,60,42,54.2857142857143,41.6666666666667,45
"Jacob Edwards","NTH",190000,0,0,0,0,0,0,0,0,0
"Jacob Hopper","GWS",724000,56,0,0,0,0,56,56,56,56
"Jacob Koschitzke","HAW",413000,85,39,61,45,37,85,53.4,61.6666666666667,53.4
"Jacob van Rooyen","MEL",254000,0,0,0,0,0,0,0,0,0
"Jacob Wehr","GWS",190000,0,0,0,0,0,0,0,0,0
"Jacob Weitering","CAR",506000,72,37,90,52,43,72,59.3333333333333,59.6666666666667,64.2
"Jade Gresham","STK",675000,102,42,86,97,99,102,86.3333333333333,76.6666666666667,85.2
"Jaeger O'Meara","HAW",674000,76,111,92,93,49,76,76.7777777777778,93,84.2
"Jai Newcombe","HAW",698000,76,105,80,92,113,76,86.1111111111111,87,93.2
"Jai Serong","HAW",190000,0,0,0,0,0,0,0,0,0
"Jaidyn Stephenson","NTH",604000,71,47,63,63,122,71,70.2857142857143,60.3333333333333,73.2
"Jake Aarts","RI",315000,10,26,10,53,0,10,24.75,15.3333333333333,24.75
"Jake Bowey","MEL",546000,55,52,69,92,74,55,69.4444444444444,58.6666666666667,68.4
"Jake Kelly","ESS",467000,31,56,36,102,55,31,53.625,41,56
"Jake Kolodjashnij","GEE",447000,51,80,46,64,23,51,54.3333333333333,59,52.8
"Jake Lever","MEL",411000,48,58,51,38,21,48,43.2,52.3333333333333,43.2
"Jake Lloyd","SYD",741000,102,109,71,72,96,102,91.375,94,90
"Jake Melksham","MEL",381000,59,0,0,0,0,59,59,59,59
"Jake Pasini","PTA",190000,0,0,0,0,0,0,0,0,0
"Jake Riccardi","GWS",491000,45,34,67,56,0,45,50.5,48.6666666666667,50.5
"Jake Soligo","ADE",211000,59,11,17,0,0,59,29,29,29
"Jake Stein","GWS",255000,17,46,25,56,0,17,36,29.3333333333333,36
"Jake Stringer","ESS",592000,60,65,62,65,0,60,63,62.3333333333333,63
"Jake Waterman","WCE",436000,58,97,33,57,36,58,57.6666666666667,62.6666666666667,56.2
"Jamaine Jones","WCE",458000,54,97,34,43,37,54,60.3333333333333,61.6666666666667,53
"Jamarra Ugle-Hagan","WBD",279000,44,24,15,56,28,44,33.4,27.6666666666667,33.4
"James Aish","FRE",601000,108,100,77,43,57,108,75.625,95,77
"James Bell","SYD",339000,66,5,26,49,0,66,39.2,32.3333333333333,39.2
"James Borlase","ADE",190000,0,0,0,0,0,0,0,0,0
"James Harmes","MEL",638000,47,100,66,65,87,47,76.4444444444444,71,73
"James Jordon","MEL",569000,95,51,76,64,71,95,69.6666666666667,74,71.4
"James Madden","BRL",335000,13,0,0,0,0,13,13,13,13
"James Peatling","GWS",351000,24,0,0,0,0,24,34.5,34.5,34.5
"James Rowbottom","SYD",613000,85,63,58,85,79,85,76.2222222222222,68.6666666666667,75.8
"James Rowe","ADE",404000,86,15,15,50,50,86,53.8571428571429,38.6666666666667,43.2
"James Sicily","HAW",790000,109,88,114,100,118,109,98.7777777777778,103.666666666667,105.8
"James Stewart","ESS",375000,30,20,59,0,0,30,36.3333333333333,36.3333333333333,36.3333333333333
"James Tsitas","GCS",190000,0,0,0,0,0,0,0,0,0
"James Tunstill","BRL",210000,0,0,0,0,0,0,0,0,0
"James Willis","GEE",228000,0,0,0,0,0,0,0,0,0
"James Worpel","HAW",477000,41,46,87,45,65,41,54.5555555555556,58,56.8
"Jamie Cripps","WCE",514000,49,67,57,54,60,49,57.4,57.6666666666667,57.4
"Jamie Elliott","COLL",628000,73,98,59,78,0,73,77,76.6666666666667,77
"Jared Polec","NTH",622000,41,85,0,0,0,41,63,63,63
"Jarman Impey","HAW",610000,99,80,81,15,88,99,73,86.6666666666667,72.6
"Jarrod Berry","BRL",574000,44,77,51,71,65,44,69.6666666666667,57.3333333333333,61.6
"Jarrod Brander","GWS",495000,59,45,0,0,0,59,52,52,52
"Jarrod Lienert","STK",529000,26,74,94,67,65,26,65.2,64.6666666666667,65.2
"Jarrod Witts","GCS",730000,103,99,103,97,74,103,89.7777777777778,101.666666666667,95.2
"Jarryd Lyons","BRL",819000,101,86,83,128,86,101,96.8888888888889,90,96.8
"Jarryn Geary","STK",376000,0,0,0,0,0,0,0,0,0
"Jase Burgoyne","PTA",190000,0,0,0,0,0,0,0,0,0
"Jason Castagna","RI",493000,50,33,87,45,60,50,61,56.6666666666667,55
"Jason Horne-Francis","NTH",509000,59,52,67,56,94,59,66.75,59.3333333333333,65.6
"Jason Johannisen","WBD",404000,0,0,0,0,0,0,0,0,0
"Jaxon Prior","BRL",343000,56,48,38,22,0,56,41,47.3333333333333,41
"Jayden Hunt","MEL",373000,48,36,48,29,57,48,43.5555555555556,43.3333333333333,46.6
"Jayden Laverde","ESS",437000,70,41,69,28,57,70,52.7777777777778,60,53
"Jayden Short","RI",861000,86,94,123,127,72,86,104.888888888889,101,100.4
"Jed Anderson","NTH",702000,72,35,0,0,0,72,53.5,53.5,53.5
"Jed Bews","GEE",305000,0.1,24,32,34,45,0.1,35.6666666666667,30,33.6
"Jed McEntee","PTA",227000,36,48,0,0,0,36,42,42,42
"Jeremy Cameron","GEE",638000,73,93,48,118,78,73,75.3333333333333,71.3333333333333,82
"Jeremy Finlayson","PTA",539000,73,85,28,116,76,73,65.8571428571429,62,75.6
"Jeremy Howe","COLL",608000,101,66,42,94,62,101,74.2222222222222,69.6666666666667,73
"Jeremy McGovern","WCE",643000,96,75,63,80,91,96,81.1428571428571,78,81
"Jeremy Sharp","GCS",483000,7,84,44,44,0,7,44.75,45,44.75
"Jesse Hogan","GWS",543000,68,111,43,46,85,68,66.3333333333333,74,70.6
"Jesse Motlop","CAR",250000,48,0,0,0,0,48,48,48,48
"Jez McLennan","GCS",190000,0,0,0,0,0,0,0,0,0
"Jimmy Webster","STK",490000,54,60,67,53,77,54,57.375,60.3333333333333,62.2
"Joe Daniher","BRL",573000,15,42,87,71,94,15,66.7142857142857,48,61.8
"Joel Amartey","SYD",423000,38,0,0,0,0,38,38,38,38
"Joel Hamling","FRE",202000,33,0,0,0,0,33,33,33,33
"Joel Jeffrey","GCS",199000,30,0,0,0,0,30,30,30,30
"Joel Selwood","GEE",695000,83,106,111,64,70,83,81.5714285714286,84,85.4
"Joel Smith","MEL",299000,19,35,46,49,49,19,39.6,33.3333333333333,39.6
"Joel Western","FRE",190000,0,0,0,0,0,0,0,0,0
"John Noble","COLL",542000,74,68,72,86,18,74,66.4444444444444,71.3333333333333,63.6
"Jonathon Ceglar","GEE",641000,0,0,0,0,0,0,0,0,0
"Jordan Boyd","CAR",251000,40,34,41,36,0,40,37.75,38.3333333333333,37.75
"Jordan Clark","FRE",624000,78,100,70,92,37,78,75,82.6666666666667,84
"Jordan Dawson","ADE",809000,101,128,106,82,99,101,98.5555555555556,111.666666666667,103.2
"Jordan De Goey","COLL",667000,77,63,56,93,101,77,83.25,65.3333333333333,78
"Jordan Ridley","ESS",623000,89,71,66,69,94,89,74.75,79.3333333333333,74.6
"Jordan Roughead","COLL",482000,25,0,0,0,0,25,25,25,25
"Jordon Butts","ADE",308000,44,24,49,22,35,44,37.5,39,34.8
"Jordon Sweet","WBD",453000,85,0,0,0,0,85,85,85,85
"Josh Battle","STK",649000,84,90,103,98,79,84,80.2222222222222,74.3333333333333,84.8
"Josh Bruce","WBD",527000,0,0,0,0,0,0,0,0,0
"Josh Caddy","RI",563000,0,0,0,0,0,0,0,0,0
"Josh Corbett","GCS",421000,11,42,70,0,0,11,41,41,41
"Josh Daicos","COLL",602000,53,33,73,69,104,53,75.2222222222222,53,66.4
"Josh Dunkley","WBD",917000,113,62,133,138,105,113,114.111111111111,102.666666666667,110.2
"Josh Eyre","ESS",190000,0,0,0,0,0,0,0,0,0
"Josh Fahey","GWS",208000,0,0,0,0,0,0,0,0,0
"Josh Gibcus","RI",401000,44,64,89,42,38,44,50,65.6666666666667,55.4
"Josh Goater","NTH",248000,0,0,0,0,0,0,0,0,0
"Josh Honey","CAR",339000,0,0,0,0,0,0,0,0,0
"Josh Morris","HAW",203000,0,0,0,0,0,0,0,0,0
"Josh P. Kennedy","SYD",517000,62,60,83,36,49,62,58.375,68.3333333333333,58
"Josh Rachele","ADE",435000,37,56,43,40,53,37,60.1111111111111,45.3333333333333,45.8
"Josh Rotham","WCE",491000,105,74,56,0.1,56,105,71.8,78.3333333333333,71.8
"Josh Schache","WBD",357000,9,66,19,0,0,9,31.3333333333333,31.3333333333333,31.3333333333333
"Josh Sinn","PTA",270000,36,0,0,0,0,36,36,36,36
"Josh Treacy","FRE",335000,24,60,32,35,0,24,37.75,38.6666666666667,37.75
"Josh Ward","HAW",411000,53,56,58,27,63,53,54.7142857142857,55.6666666666667,51.4
"Josh Worrell","ADE",190000,0,0,0,0,0,0,0,0,0
"Josh Kelly","GWS",855000,134,89,134,104,95,134,102.888888888889,119,111.2
"Josh J. Kennedy","WCE",379000,25,57,30,40,45,25,42.5714285714286,37.3333333333333,39.4
"Josh Walker","NTH",372000,57,35,38,45,40,57,47,43.3333333333333,43
"Josiah Kyle","STK",190000,0,0,0,0,0,0,0,0,0
"Judd McVee","MEL",190000,0,0,0,0,0,0,0,0,0
"Judson Clarke","RI",232000,0,0,0,0,0,0,0,0,0
"Justin McInerney","SYD",609000,55,67,61,95,88,55,73.7142857142857,61,73.2
"Jy Farrar","GCS",407000,39,65,40,67,7,39,43.6,48,43.6
"Jy Simpkin","NTH",738000,65,93,89,76,110,65,88.25,82.3333333333333,86.6
"Jye Amiss","FRE",288000,52,0,0,0,0,52,52,52,52
"Jye Caldwell","ESS",572000,40,94,67,64,67,40,72.5555555555556,67,66.4
"Kade Chandler","MEL",190000,0,0,0,0,0,0,9.5,9.5,9.5
"Kai Lohmann","BRL",255000,23,39,0,0,0,23,31,31,31
"Kaine Baldwin","ESS",231000,51,35,26,28,0,51,35,37.3333333333333,35
"Kalin Lane","BRL",190000,0,0,0,0,0,0,0,0,0
"Kamdyn McIntosh","RI",5e+05,71,33,79,57,80,71,59.8571428571429,61,64
"Kane Farrell","PTA",462000,58,76,73,0,0,58,69,69,69
"Kane Lambert","RI",651000,78,88,78,0,0,78,81.3333333333333,81.3333333333333,81.3333333333333
"Karl Amon","PTA",742000,106,57,80,97,82,106,95,81,84.4
"Karl Worner","FRE",190000,0,0,0,0,0,0,0,0,0
"Kayne Turner","NTH",356000,49,29,55,34,40,49,45.3333333333333,44.3333333333333,41.4
"Keidean Coleman","BRL",460000,79,56,63,83,0,79,70.25,66,70.25
"Kieran Strachan","ADE",455000,41,0,0,0,0,41,41,41,41
"Kieren Briggs","GWS",460000,0,0,0,0,0,0,0,0,0
"Kyle Hartigan","HAW",310000,0,0,0,0,0,0,0,0,0
"Kyle Langford","ESS",667000,1,0,0,0,0,1,1,1,1
"Kyron Hayden","NTH",303000,41,0,0,0,0,41,41,41,41
"Kysaiah Pickett","MEL",448000,77,40,52,41,41,77,53.375,62.6666666666667,56.2
"Lachie Neale","BRL",920000,115,113,142,96,119,115,114.666666666667,123.333333333333,117
"Lachie Whitfield","GWS",741000,46,93,99,96,101,46,86.5555555555556,79.3333333333333,87
"Lachie Young","NTH",485000,90,80,29,67,68,90,60.1111111111111,66.3333333333333,66.8
"Lachie Ash","GWS",533000,72,57,77,44,47,72,61.7777777777778,68.6666666666667,67.2
"Lachlan Bramble","HAW",531000,76,61,37,0,0,76,58,58,58
"Lachie Fogarty","CAR",522000,49,45,0,0,0,49,47,47,47
"Lachlan Gollant","ADE",309000,34,24,39,35,34,34,39,32.3333333333333,33.2
"Lachie Hunter","WBD",666000,66,71,112,72,58,66,75.8,83,75.8
"Lachie Jones","PTA",346000,40,9,17,73,51,40,42.8571428571429,22,38
"Lachlan Keeffe","GWS",280000,38,31,14,18,57,38,33.5,27.6666666666667,29.2
"Lachlan McAndrew","SYD",190000,0,0,0,0,0,0,0,0,0
"Lachlan McNeil","WBD",350000,42,47,57,42,35,42,41.5,48.6666666666667,44.6
"Lachlan Murphy","ADE",433000,42,63,69,49,49,42,52.8333333333333,58,54.4
"Lachie Plowman","CAR",347000,66,61,46,25,8,66,41.2,57.6666666666667,41.2
"Lachlan Rankin","SYD",190000,0,0,0,0,0,0,0,0,0
"Lachie Schultz","FRE",585000,72,35,70,120,75,72,70.75,59,74.4
"Lachlan Sholl","ADE",536000,59,48,44,82,70,59,68.3333333333333,50.3333333333333,60.6
"Lachie Weller","GCS",625000,58,63,69,74,85,58,75.25,63.3333333333333,69.8
"Laitham Vandermeer","WBD",412000,12,61,26,88,41,12,47,33,45.6
"Lance Franklin","SYD",587000,78,35,100,93,45,78,69.75,71,70.2
"Leek Aleer","GWS",262000,0,0,0,0,0,0,0,0,0
"Leo Connolly","STK",333000,0,0,0,0,0,0,0,0,0
"Levi Casboult","GCS",449000,40,40,95,57,40,40,54.3333333333333,58.3333333333333,54.4
"Lewis Melican","SYD",336000,0,0,0,0,0,0,0,0,0
"Lewis Taylor","SYD",336000,0,0,0,0,0,0,0,0,0
"Lewis Young","CAR",454000,64,60,88,36,56,64,58.1666666666667,70.6666666666667,60.8
"Liam Baker","RI",508000,88,36,83,52,55,88,60.4444444444444,69,62.8
"Liam Duggan","WCE",668000,91,72,97,60,87,91,83.4285714285714,86.6666666666667,81.4
"Liam Henry","FRE",296000,33,24,0,0,0,33,28.5,28.5,28.5
"Liam McMahon","COLL",190000,0,0,0,0,0,0,0,0,0
"Liam Ryan","WCE",418000,24,57,27,50,74,24,51.125,36,46.4
"Liam Shiels","HAW",670000,59,70,85,0,0,59,71.3333333333333,71.3333333333333,71.3333333333333
"Liam Stocker","CAR",449000,21,0,0,0,0,21,21,21,21
"Lincoln McCarthy","BRL",565000,60,53,55,110,58,60,69.3333333333333,56,67.2
"Lloyd Meek","FRE",431000,64,56,62,67,0,64,62.25,60.6666666666667,62.25
"Lochie O'Brien","CAR",564000,98,71,57,73,78,98,72.8571428571429,75.3333333333333,75.4
"Logan McDonald","SYD",365000,40,38,48,86,28,40,44.3333333333333,42,48
"Louis Butler","WBD",382000,42,0,0,0,0,42,42,42,42
"Luke Breust","HAW",457000,73,37,48,34,65,73,58.375,52.6666666666667,51.4
"Luke Brown","ADE",432000,33,67,49,49,52,33,53.1111111111111,49.6666666666667,50
"Luke Cleary","WBD",217000,64,0,0,0,0,64,64,64,64
"Luke Dahlhaus","GEE",395000,29,18,72,29,58,29,45.3333333333333,39.6666666666667,41.2
"Luke Davies-Uniacke","NTH",620000,100,63,77,74,76,100,75.75,81.3333333333333,79
"Luke Dunstan","MEL",724000,52,65,0,0,0,52,58.5,58.5,58.5
"Luke Edwards","WCE",387000,41,41,0,0,0,41,45.6666666666667,45.6666666666667,45.6666666666667
"Luke Foley","WCE",493000,57,67,25,85,65,57,66.125,49.6666666666667,59.8
"Luke Jackson","MEL",538000,68,41,44,65,94,68,69.625,51,62.4
"Luke McDonald","NTH",654000,56,108,76,90,69,56,80.1111111111111,80,79.8
"Luke Nankervis","ADE",190000,0,0,0,0,0,0,0,0,0
"Luke Parker","SYD",775000,95,84,119,93,123,95,92.1111111111111,99.3333333333333,102.8
"Luke Parks","CAR",232000,21,0,0,0,0,21,28,28,28
"Luke Pedlar","ADE",211000,27,0,0,0,0,27,27,27,27
"Luke Ryan","FRE",629000,72,65,60,98,79,72,75.8888888888889,65.6666666666667,74.8
"Luke Shuey","WCE",690000,102,83,65,103,0,102,88.25,83.3333333333333,88.25
"Luke Strnadica","WCE",248000,51,58,0,0,0,51,54.5,54.5,54.5
"Luke Valente","FRE",190000,0,0,0,0,0,0,0,0,0
"Mabior Chol","GCS",427000,84,21,85,28,25,84,53.3333333333333,63.3333333333333,48.6
"Mac Andrew","GCS",282000,0,0,0,0,0,0,0,0,0
"Majak Daw","MEL",334000,0,0,0,0,0,0,0,0,0
"Malcolm Rosas","GCS",336000,48,23,45,73,58,48,49.4,38.6666666666667,49.4
"Marc Pittonet","CAR",5e+05,16,59,74,60,48,16,51.4,49.6666666666667,51.4
"Marc Sheather","SYD",190000,0,0,0,0,0,0,0,0,0
"Marcus Adams","BRL",495000,66,83,43,21,79,66,64.5555555555556,64,58.4
"Marcus Bontempelli","WBD",801000,119,84,73,101,107,119,97.5,92,96.8
"Marcus Windhager","STK",303000,49,11,43,61,36,49,42.3333333333333,34.3333333333333,40
"Mark Blicavs","GEE",771000,93,133,116,72,98,93,90.5555555555556,114,102.4
"Mark O'Connor","GEE",495000,69,86,40,50,50,69,61.8333333333333,65,59
"Marlion Pickett","RI",498000,69,45,25,83,68,69,63.4285714285714,46.3333333333333,58
"Martin Frederick","PTA",251000,27,24,0,0,0,27,25.5,25.5,25.5
"Mason Cox","COLL",374000,38,41,0,0,0,38,39.5,39.5,39.5
"Mason Redman","ESS",648000,73,92,103,77,65,73,77.5555555555556,89.3333333333333,82
"Mason Wood","STK",527000,80,94,71,39,54,80,65,81.6666666666667,67.6
"Mate Colina","RI",190000,0,0,0,0,0,0,0,0,0
"Matt Conroy","GCS",190000,0,0,0,0,0,0,0,0,0
"Matthew Cottrell","CAR",441000,45,46,14,61,94,45,52,35,52
"Matt Crouch","ADE",684000,89,83,78,66,95,89,85.4285714285714,83.3333333333333,82.2
"Matt Guelfi","ESS",507000,42,76,65,73,66,42,60.125,61,64.4
"Matthew Johnson","FRE",250000,0,0,0,0,0,0,0,0,0
"Matthew Owies","CAR",427000,42,39,64,48,40,42,52.6666666666667,48.3333333333333,46.6
"Matt Rowell","GCS",592000,58,88,79,66,66,58,75.7777777777778,73.6666666666667,73.2
"Matt de Boer","GWS",446000,35,38,53,72,49,35,51.3333333333333,42,49.4
"Matt Flynn","GWS",551000,32,50,91,80,39,32,63.3333333333333,57.6666666666667,58.4
"Matthew Kennedy","CAR",733000,91,96,59,69,103,91,94.875,97.3333333333333,84
"Matt McGuinness","NTH",190000,0,0,0,0,0,0,0,0,0
"Matthew Allison","STK",190000,0,0,0,0,0,0,0,0,0
"Matthew Parker","RI",473000,17,69,46,69,75,17,55.2,44,55.2
"Matt Roberts","SYD",224000,0,0,0,0,0,0,0,0,0
"Matt Taberner","FRE",529000,53,99,36,72,0,53,65,62.6666666666667,65
"Maurice Rioli","RI",288000,18,54,76,0,0,18,49.3333333333333,49.3333333333333,49.3333333333333
"Max Gawn","MEL",912000,87,67,149,119,132,87,105.888888888889,101,110.8
"Max Heath","STK",190000,0,0,0,0,0,0,0,0,0
"Max Holmes","GEE",434000,14,57,49,58,77,14,51.2857142857143,40,51
"Max King","STK",504000,53,29,50,66,55,53,66.4444444444444,44,50.6
"Max Lynch","HAW",411000,72,75,51,52,17,72,53.4,66,53.4
"Michael Hibberd","MEL",459000,0,0,0,0,0,0,0,0,0
"Michael Hurley","ESS",443000,0,0,0,0,0,0,0,0,0
"Michael Walters","FRE",517000,70,69,60,62,87,70,59.75,66.3333333333333,69.6
"Miles Bergman","PTA",561000,55,92,0,0,0,55,73.5,73.5,73.5
"Miller Bergman","NTH",2e+05,3,0,0,0,0,3,3,3,3
"Michael Frederick","FRE",406000,51,57,2,71,70,51,49.75,36.6666666666667,50.2
"Mitch Georgiades","PTA",492000,81,51,27,80,80,81,61.1111111111111,53,63.8
"Mitch McGovern","CAR",457000,49,0,0,0,0,49,51.5,51.5,51.5
"Mitch Robinson","BRL",603000,81,71,60,68,0,81,70,70.6666666666667,70
"Mitch Brown","MEL",429000,0,0,0,0,0,0,0,0,0
"Mitch Cox","BRL",190000,0,0,0,0,0,0,0,0,0
"Mitch Crowden","FRE",366000,0,0,0,0,0,0,0,0,0
"Mitch Duncan","GEE",732000,86,124,69,83,79,86,87.375,93,88.2
"Mitch Hannan","WBD",384000,22,50,28,0,0,22,33.3333333333333,33.3333333333333,33.3333333333333
"Mitchell Hinge","ADE",455000,50,75,28,70,79,50,58.3333333333333,51,60.4
"Mitch Knevitt","GEE",278000,24,66,0,0,0,24,45,45,45
"Mitch Lewis","HAW",568000,64,80,83,31,86,64,73,75.6666666666667,68.8
"Mitch Wallis","WBD",372000,60,56,25,26,0,60,41.75,47,41.75
"Mitch Owens","STK",223000,22,0,0,0,0,22,22,22,22
"Nakia Cockatoo","BRL",384000,42,62,48,50,0,42,50.5,50.6666666666667,50.5
"Nasiah Wanganeen-Milera","STK",433000,48,81,43,62,68,48,56.5714285714286,57.3333333333333,60.4
"Nathan Broad","RI",619000,85,71,27,108,63,85,80.4444444444444,61,70.8
"Nat Fyfe","FRE",709000,0,0,0,0,0,0,0,0,0
"Nathan Kreuger","COLL",311000,4,67,43,0,0,4,38,38,38
"Nathan Murphy","COLL",385000,0,0,0,0,0,0,0,0,0
"Nathan O'Driscoll","FRE",464000,65,63,56,68,109,65,61.7142857142857,61.3333333333333,72.2
"Nathan Wilson","FRE",517000,0,0,0,0,0,0,0,0,0
"Ned Long","HAW",190000,0,0,0,0,0,0,0,0,0
"Ned Moyle","GCS",190000,0,0,0,0,0,0,0,0,0
"Ned Reeves","HAW",431000,16,64,41,57,51,16,45.8,40.3333333333333,45.8
"Neil Erasmus","FRE",379000,57,39,68,66,0,57,57.5,54.6666666666667,57.5
"Nic Newman","CAR",634000,76,80,74,79,52,76,76.6666666666667,76.6666666666667,72.2
"Nick Coffield","STK",512000,0,0,0,0,0,0,0,0,0
"Nick Holman","GCS",470000,87,32,48,65,72,87,58.2222222222222,55.6666666666667,60.8
"Nic Martin","ESS",621000,65,104,91,86,68,65,86,86.6666666666667,82.8
"Nic Naitanui","WCE",620000,59,66,48,0,0,59,57.6666666666667,57.6666666666667,57.6666666666667
"Nick Blakey","SYD",622000,93,98,64,74,67,93,79.8888888888889,85,79.2
"Nick Bryan","ESS",397000,32,0,0,0,0,32,42,42,42
"Nick Daicos","COLL",621000,63,83,59,77,80,63,83.5555555555556,68.3333333333333,72.4
"Nick Haynes","GWS",483000,53,40,50,91,37,53,56.5714285714286,47.6666666666667,54.2
"Nick Hind","ESS",593000,68,85,48,45,100,68,72.375,67,69.2
"Nick Larkey","NTH",447000,45,66,26,89,19,45,56,45.6666666666667,49
"Nick Murray","ADE",370000,40,43,66,0,0,40,49.6666666666667,49.6666666666667,49.6666666666667
"Nick Stevens","GEE",190000,0,0,0,0,0,0,0,0,0
"Nick Vlastuin","RI",750000,86,102,131,91,0,86,102.5,106.333333333333,102.5
"Nik Cox","ESS",433000,28,39,55,71,46,28,47.8,40.6666666666667,47.8
"Noah Anderson","GCS",798000,92,113,118,99,112,92,96.875,107.666666666667,106.8
"Noah Answerth","BRL",496000,63,99,61,47,43,63,63.5555555555556,74.3333333333333,62.6
"Noah Balta","RI",455000,45,84,67,19,64,45,56.4444444444444,65.3333333333333,55.8
"Noah Cumberland","RI",190000,0,0,0,0,0,0,0,0,0
"Oleg Markov","GCS",603000,53,85,0,0,0,53,69,69,69
"Oliver Florent","SYD",551000,75,75,59,54,61,75,68.3333333333333,69.6666666666667,64.8
"Oliver Henry","COLL",398000,54,54,28,51,56,54,50.3333333333333,45.3333333333333,48.6
"Ollie Wines","PTA",802000,128,79,91,118,36,128,98.875,99.3333333333333,90.4
"Oliver Dempsey","GEE",209000,11,48,0,0,0,11,29.5,29.5,29.5
"Ollie Lord","PTA",190000,0,0,0,0,0,0,0,0,0
"Orazio Fantasia","PTA",541000,0,0,0,0,0,0,0,0,0
"Oscar Adams","STK",190000,0,0,0,0,0,0,0,0,0
"Oscar Allen","WCE",484000,0,0,0,0,0,0,0,0,0
"Oscar McDonald","CAR",364000,37,62,0,0,0,37,49.5,49.5,49.5
"Oscar McInerney","BRL",591000,107,67,78,53,67,107,73.375,84,74.4
"Oskar Baker","MEL",447000,0,0,0,0,0,0,0,0,0
"Paddy Dow","CAR",423000,0,0,0,0,0,0,0,0,0
"Paddy McCartin","SYD",391000,55,86,35,36,41,55,52.125,58.6666666666667,50.2
"Patrick Cripps","CAR",853000,76,130,125,123,36,76,107.875,110.333333333333,98
"Patrick Dangerfield","GEE",655000,61,90,70,66,103,61,78.2857142857143,73.6666666666667,78
"Patrick Lipinski","COLL",641000,81,92,83,59,73,81,81.5555555555556,85.3333333333333,77.6
"Patrick Murtagh","GCS",190000,0,0,0,0,0,0,0,0,0
"Patrick Naish","WCE",554000,12,55,94,76,82,12,70.1111111111111,53.6666666666667,63.8
"Patrick Parnell","ADE",190000,0,0,0,0,0,0,0,0,0
"Paddy Ryder","STK",566000,80,72,67,67,47,80,66.6,73,66.6
"Patrick Voss","ESS",190000,0,0,0,0,0,0,0,0,0
"Patrick Walker","NTH",190000,0,0,0,0,0,0,0,0,0
"Paul Curtis","NTH",305000,38,34,52,57,0,38,45.25,41.3333333333333,45.25
"Paul Seedsman","ADE",802000,0,0,0,0,0,0,0,0,0
"Paul Tsapatolis","GEE",190000,0,0,0,0,0,0,0,0,0
"Peter Ladhams","SYD",676000,63,61,97,107,112,63,83,73.6666666666667,88
"Peter Wright","ESS",551000,39,99,77,44,43,39,68.2222222222222,71.6666666666667,60.4
"Phil Davis","GWS",373000,41,58,0,0,0,41,49.5,49.5,49.5
"Phoenix Spicer","NTH",190000,0,0,0,0,0,0,0,0,0
"Quinton Narkle","GEE",504000,57,91,55,0,0,57,67.6666666666667,67.6666666666667,67.6666666666667
"Reef McInnes","COLL",266000,13,62,19,59,0,13,38.25,31.3333333333333,38.25
"Reilly O'Brien","ADE",706000,61,79,121,83,56,61,84,87,80
"Rhett Bazzo","WCE",218000,0,0,0,0,0,0,0,0,0
"Rhyan Mansell","RI",386000,48,58,0,0,0,48,53,53,53
"Rhylee West","WBD",371000,64,0,0,0,0,64,64,64,64
"Rhys Mathieson","BRL",510000,0,0,0,0,0,0,0,0,0
"Rhys Nicholls","GCS",190000,0,0,0,0,0,0,0,0,0
"Rhys Stanley","GEE",589000,32,68,92,69,62,32,69.625,64,64.6
"Riley Bonner","PTA",613000,80,37,125,59,77,80,75.75,78.3333333333333,79.4
"Riley Collier-Dawkins","RI",427000,57,28,0,0,0,57,42.5,42.5,42.5
"Riley Garcia","WBD",321000,8,0,0,0,0,8,8,8,8
"Riley Thilthorpe","ADE",432000,55,0,0,0,0,55,55,55,55
"Roarke Smith","WBD",426000,50,33,78,58,0,50,53.8,44.3333333333333,53.8
"Robbie Fox","SYD",397000,0,0,0,0,0,0,0,0,0
"Robbie McComb","WBD",340000,38,50,83,53,0,38,56,57,56
"Robbie Gray","PTA",480000,72,55,72,21,75,72,53.6666666666667,66.3333333333333,59
"Robbie Tarrant","RI",362000,38,37,55,31,25,38,37.3333333333333,43.3333333333333,37.2
"Rory Atkins","GCS",343000,6,39,44,58,0,6,36.75,29.6666666666667,36.75
"Rory Laird","ADE",919000,124,122,118,110,95,124,111.714285714286,121.333333333333,113.8
"Rory Lobb","FRE",553000,32,71,93,64,63,32,64.875,65.3333333333333,64.6
"Rory Sloane","ADE",661000,40,72,80,87,0,40,69.75,64,69.75
"Rory Thompson","GCS",208000,25,39,0,0,0,25,32,32,32
"Rowan Marshall","STK",672000,90,63,88,108,60,90,80.875,80.3333333333333,81.8
"Ryan Angwin","GWS",190000,0,0,0,0,0,0,0,0,0
"Ryan Burton","PTA",662000,77,60,96,65,113,77,78.8888888888889,77.6666666666667,82.2
"Ryan Byrnes","STK",475000,44,29,0,0,0,44,36.5,36.5,36.5
"Ryan Clarke","SYD",477000,0,0,0,0,0,0,0,0,0
"Ryan Gardner","WBD",381000,51,56,72,71,26,51,46,41.6666666666667,53.6
"Ryan Lester","BRL",411000,44,0,0,0,0,44,44,44,44
"Sam Banks","RI",234000,0,0,0,0,0,0,0,0,0
"Sam Berry","ADE",521000,89,103,81,54,56,89,76.6,91,76.6
"Sam Butler","HAW",236000,17,0,0,0,0,17,17,17,17
"Sam Darcy","WBD",288000,0,0,0,0,0,0,0,0,0
"Sam Day","GCS",373000,0,0,0,0,0,0,0,0,0
"Sam De Koning","GEE",332000,47,65,51,45,33,47,41,54.3333333333333,48.2
"Sam Docherty","CAR",863000,115,116,100,121,71,115,106.777777777778,110.333333333333,104.6
"Sam Draper","ESS",471000,17,51,78,76,50,17,56.1111111111111,48.6666666666667,54.4
"Sam Durham","ESS",426000,38,49,73,38,72,38,51.5714285714286,53.3333333333333,54
"Sam Flanders","GCS",464000,15,0,0,0,0,15,15,15,15
"Sam Frost","HAW",461000,59,31,50,79,56,59,56.4444444444444,46.6666666666667,55
"Sam Hayes","PTA",372000,54,63,43,77,51,54,57.6,53.3333333333333,57.6
"Sam Mayes","PTA",526000,17,53,0,0,0,17,35,35,35
"Sam Menegola","GEE",726000,0,0,0,0,0,0,0,0,0
"Sam Naismith","SYD",565000,0,0,0,0,0,0,0,0,0
"Sam Petrevski-Seton","WCE",479000,53,41,61,36,92,53,57.3333333333333,51.6666666666667,56.6
"Sam Philp","CAR",205000,0,0,0,0,0,0,0,0,0
"Sam Powell-Pepper","PTA",641000,92,80,111,76,86,92,78.5555555555556,76,83
"Sam Reid","SYD",526000,65,53,0,0,0,65,62,62,62
"Sam Simpson","GEE",474000,0,0,0,0,0,0,0,0,0
"Sam Skinner","PTA",208000,33,33,0,0,0,33,33,33,33
"Sam Sturt","FRE",299000,0,0,0,0,0,0,0,0,0
"Sam Switkowski","FRE",540000,74,73,71,61,75,74,66.875,72.6666666666667,70.8
"Sam Taylor","GWS",537000,64,53,79,70,61,64,64.5555555555556,65.3333333333333,65.4
"Sam Walsh","CAR",863000,110,98,117,113,95,110,103.875,101.666666666667,107
"Sam Weideman","MEL",381000,46,40,43,36,78,46,48.6,43,48.6
"Sam Wicks","SYD",433000,72,42,64,25,0,72,50.75,59.3333333333333,50.75
"Samson Ryan","RI",190000,0,0,0,0,0,0,0,0,0
"Sam Collins","GCS",439000,61,57,21,72,69,61,52.7777777777778,46.3333333333333,56
"Sandy Brock","GCS",190000,0,0,0,0,0,0,0,0,0
"Scott Lycett","PTA",660000,54,95,98,42,0,54,72.25,82.3333333333333,72.25
"Scott Pendlebury","COLL",714000,113,85,81,77,86,113,86.75,90.6666666666667,86
"Seamus Mitchell","HAW",190000,0,0,0,0,0,0,0,0,0
"Sean Darcy","FRE",702000,67,125,82,100,60,67,79.8333333333333,91.3333333333333,86.8
"Sean Lemmens","GCS",439000,84,76,63,21,60,84,53.2222222222222,74.3333333333333,60.8
"Sebastian Ross","STK",728000,76,95,111,90,93,76,85.2222222222222,94,93
"Shai Bolton","RI",648000,102,90,136,37,49,102,78,109.333333333333,82.8
"Shane Edwards","RI",4e+05,21,64,59,22,70,21,45.5555555555556,48,47.2
"Shane McAdam","ADE",488000,94,69,34,70,71,94,67.6,65.6666666666667,67.6
"Shannon Hurn","WCE",703000,115,70,108,65,62,115,86,97.6666666666667,84
"Shannon Neale","GEE",190000,0,0,0,0,0,0,0,0,0
"Shaun Higgins","GEE",644000,86,84,70,71,0,86,77.75,80,77.75
"Steele Sidebottom","COLL",548000,59,56,77,64,51,59,66,64,61.4
"Stefan Giro","WCE",375000,0,0,0,0,0,0,0,0,0
"Stefan Martin","WBD",438000,58,35,72,0,0,58,55,55,55
"Stephen Coniglio","GWS",684000,49,65,105,79,98,49,84,73,79.2
"Steven May","MEL",610000,67,48,65,77,98,67,75.2222222222222,60,71
"Steven Motlop","PTA",509000,73,63,58,61,52,73,59.5555555555556,64.6666666666667,66.6
"Sydney Stack","RI",491000,28,0,0,0,0,28,28,28,28
"Taj Schofield","PTA",190000,0,0,0,0,0,0,0,0,0
"Taj Woewodin","MEL",190000,0,0,0,0,0,0,0,0,0
"Tanner Bruhn","GWS",438000,45,75,37,68,78,45,60.6,52.3333333333333,60.6
"Tariek Newchurch","ADE",190000,0,0,0,0,0,0,0,0,0
"Tarryn Thomas","NTH",534000,49,90,61,51,49,49,58.1666666666667,66.6666666666667,60
"Taylor Adams","COLL",723000,62,93,113,76,92,62,82.125,89.3333333333333,87.2
"Taylor Duryea","WBD",538000,55,45,69,73,104,55,61.625,56.3333333333333,69.2
"Taylor Walker","ADE",660000,82,65,68,91,99,82,82.8333333333333,71.6666666666667,81
"Tex Wanganeen","ESS",201000,21,34,0,0,0,21,27.5,27.5,27.5
"Thomas Berry","BRL",279000,63,0,0,0,0,63,63,63,63
"Tom Jonas","PTA",511000,56,51,49,77,109,56,59.125,52,68.4
"Tom Liberatore","WBD",762000,125,72,83,127,85,125,92,93.3333333333333,98.4
"Tom J. Lynch","RI",662000,84,140,146,30,68,84,75.7777777777778,123.333333333333,93.6
"Tom Stewart","GEE",848000,106,93,157,96,95,106,100.125,118.666666666667,109.4
"Thomson Dow","RI",391000,17,37,78,78,32,17,48.4,44,48.4
"Tim Kelly","WCE",706000,95,85,80,113,69,95,86.3333333333333,86.6666666666667,88.4
"Tim Membrey","STK",572000,81,82,51,48,82,81,70,71.3333333333333,68.8
"Tim O'Brien","WBD",464000,33,45,60,75,53,33,53.2,46,53.2
"Tim Taranto","GWS",784000,91,89,94,65,92,91,99.5555555555556,91.3333333333333,86.2
"Tim English","WBD",837000,107,105,138,101,106,107,111.4,116.666666666667,111.4
"Toby Bedford","MEL",241000,50,43,0,0,0,50,46.5,46.5,46.5
"Toby Conway","GEE",244000,0,0,0,0,0,0,0,0,0
"Toby Greene","GWS",603000,33,62,86,56,0,33,59.25,60.3333333333333,59.25
"Toby McLean","WBD",441000,0,0,0,0,0,0,0,0,0
"Toby Nankervis","RI",734000,94,118,82,111,73,94,86,98,95.6
"Todd Goldstein","NTH",526000,73,74,90,49,27,73,60.1111111111111,79,62.6
"Todd Marshall","PTA",574000,83,77,37,137,67,83,66.1111111111111,65.6666666666667,80.2
"Tom Atkins","GEE",6e+05,78,71,81,80,71,78,72.1111111111111,76.6666666666667,76.2
"Tom Barrass","WCE",465000,91,37,60,57,50,91,56,62.6666666666667,59
"Tom Brown","RI",258000,0,0,0,0,0,0,0,0,0
"Tom Campbell","STK",453000,47,0,0,0,0,47,47,47,47
"Tom Clurey","PTA",404000,20,53,28,46,47,20,48,33.6666666666667,38.8
"Tom Cole","WCE",472000,0,0,0,0,0,0,0,0,0
"Tom Cutler","ESS",570000,71,38,68,70,102,71,73.1428571428571,78,68
"Tom De Koning","CAR",501000,65,52,64,85,62,65,58.75,60.3333333333333,65.6
"Tom Doedee","ADE",539000,81,63,61,61,75,81,66.2222222222222,68.3333333333333,68.2
"Tom Fullarton","BRL",343000,32,0,0,0,0,32,32,32,32
"Tom Green","GWS",737000,74,98,74,91,102,74,96.2222222222222,82,87.8
"Tom Hawkins","GEE",611000,94,58,56,92,71,94,75.1111111111111,69.3333333333333,74.2
"Tom Hickey","SYD",619000,48,66,49,98,0,48,65.25,54.3333333333333,65.25
"Tom Highmore","STK",513000,0,0,0,0,0,0,0,0,0
"Tom Hird","ESS",190000,0,0,0,0,0,0,0,0,0
"Tom Joyce","WCE",190000,0,0,0,0,0,0,0,0,0
"Tom Lynch","NTH",599000,0,0,0,0,0,0,0,0,0
"Tom McCartin","SYD",350000,54,49,28,31,57,54,42.4444444444444,43.6666666666667,43.8
"Tom McDonald","MEL",485000,83,73,65,48,46,83,55.5,73.6666666666667,63
"Tom Mitchell","HAW",803000,51,103,109,94,103,51,91.75,87.6666666666667,92
"Tom Papley","SYD",504000,109,36,41,0,0,109,62,62,62
"Tom Phillips","HAW",578000,39,50,86,0,0,39,58.3333333333333,58.3333333333333,58.3333333333333
"Tom Powell","NTH",516000,50,39,40,76,86,50,58.2,43,58.2
"Tom Sparrow","MEL",562000,59,95,95,62,58,59,69.25,83,73.8
"Tom Williamson","CAR",394000,0,0,0,0,0,0,0,0,0
"Tom Wilson","COLL",306000,28,69,0,0,0,28,48.5,48.5,48.5
"Touk Miller","GCS",9e+05,128,92,140,111,99,128,107.555555555556,120,114
"Travis Boak","PTA",821000,38,110,89,117,75,38,103.555555555556,79,85.8
"Travis Colyer","FRE",496000,57,51,62,76,80,57,61.5714285714286,53.3333333333333,59.6
"Trent Bianco","COLL",383000,34,3,29,0,0,34,22,22,22
"Trent Cotchin","RI",602000,75,95,75,84,39,75,71.5,81.6666666666667,73.6
"Trent Dumont","PTA",517000,76,47,73,34,0,76,59.2,63,59.2
"Trent McKenzie","PTA",478000,33,25,42,0,0,33,33.3333333333333,33.3333333333333,33.3333333333333
"Trent Rivers","MEL",494000,58,39,61,84,60,58,61.25,52.6666666666667,60.4
"Trey Ruscoe","COLL",380000,0,0,0,0,0,0,0,0,0
"Tristan Xerri","NTH",523000,61,86,59,79,92,61,73,68.6666666666667,75.4
"Tyler Brockman","HAW",360000,0,0,0,0,0,0,0,0,0
"Tyler Brown","COLL",361000,46,62,49,29,35,46,44.2,52.3333333333333,44.2
"Tyler Sonsie","RI",236000,0,0,0,0,0,0,0,0,0
"Tyson Stengle","GEE",579000,45,114,87,79,80,45,70,82,81
"Wayne Milera","ADE",382000,50,0,0,0,0,50,50,50,50
"Wil Powell","GCS",514000,74,71,33,73,46,74,61.125,59.3333333333333,65
"Will Brodie","FRE",691000,102,104,64,83,76,102,91,90,85.8
"Will Day","HAW",549000,71,74,72,67,40,71,69.1666666666667,72.3333333333333,64.8
"Will Gould","SYD",190000,0,0,0,0,0,0,0,0,0
"Will Hamill","ADE",334000,48,46,0,0,0,48,47,47,47
"Will Hayward","SYD",527000,58,44,69,83,79,58,64,57,66.6
"Will Hoskin-Elliott","COLL",522000,72,63,56,67,68,72,62.125,63.6666666666667,65.2
"Will Kelly","COLL",191000,0,0,0,0,0,0,0,0,0
"Will Martyn","RI",268000,0,0,0,0,0,0,0,0,0
"Will Phillips","NTH",366000,0,0,0,0,0,0,0,0,0
"Will Setterfield","CAR",576000,43,70,67,78,76,43,64,60,66.8
"Will Shaw","GWS",190000,0,0,0,0,0,0,0,0,0
"Will Snelling","ESS",620000,31,0,0,0,0,31,31,31,31
"Willem Drew","PTA",601000,69,65,52,110,44,69,73.7777777777778,62,68
"Willie Rioli","WCE",418000,28,25,58,70,85,28,54.5,37,53.2
"Xavier Duursma","PTA",403000,45,38,14,67,24,45,37.6,32.3333333333333,37.6
"Xavier O'Halloran","GWS",410000,58,42,59,35,0,58,48.2,49,48.2
"Xavier O'Neill","WCE",387000,27,43,73,45,0,27,46.4,47.6666666666667,46.4
"Zac Bailey","BRL",639000,87,97,52,85,96,87,79.3333333333333,78.6666666666667,83.4
"Zac Fisher","CAR",578000,72,101,79,39,84,72,70.6666666666667,84,75
"Zac Langdon","WCE",380000,28,37,63,40,51,28,43.8,42.6666666666667,43.8
"Zac Taylor","ADE",204000,0,0,0,0,0,0,0,0,0
"Zach Guthrie","GEE",517000,83,108,11,63,69,83,66.8,67.3333333333333,66.8
"Zach Reid","ESS",348000,74,43,44,0,0,74,53.6666666666667,53.6666666666667,53.6666666666667
"Zach Tuohy","GEE",695000,100,96,59,125,76,100,81.1111111111111,85,91.2
"Zach Merrett","ESS",840000,51,94,92,111,119,51,97,79,92.6
"Zach Sproule","GWS",375000,0,0,0,0,0,0,0,0,0
"Zac Williams","CAR",609000,4,64,62,72,137,4,71.375,43.3333333333333,67.8
"Zaine Cordy","WBD",293000,57,34,24,43,46,57,38.4285714285714,38.3333333333333,40.8
"Zak Butters","PTA",621000,84,63,74,34,109,84,81.4444444444444,73.6666666666667,72.8
"Zak Jones","STK",702000,79,66,0,0,0,79,72.5,72.5,72.5
"Zane Trew","WCE",190000,0,0,0,0,0,0,0,0,0
